Tarih;Stok Kodu;Urun Adi;Eski Stok;Yeni Stok
2026-09-28 05:05;KU91002;M2*4*2,85 TORX VİDA ERİC;3960;3950
2026-09-28 05:05;KU91014;M3*10*4 TORX VİDA ERİC;4260;4110
2026-09-28 05:05;KU91018;M3,5*11*4,8 TORX VİDA ERİC;3940;3880
2026-09-28 05:05;KU91019;M3,5*12*5,3 TORX VİDA ERİC;10510;10460
2026-09-28 05:05;KU91016;M3,5*8*5,3 TORX VİDA ERİC;6790;6760
2026-09-28 05:05;KU91024;M4*11*6,5 TORX VİDA ERİC;1490;1420
2026-09-28 05:05;KU91029;M5*12*7 TORX VİDA ERİC;3920;3870
2026-09-28 05:05;KU91030;M5*15*7 TORX VİDA ERİC;3130;3120
2026-09-28 05:05;KU91031;M5x0,5x3,5 BUKSE VİDA ERİC;8210;8200
2026-09-28 05:05;KU91033;M6x0,75 TPKN 16 BASKI VİDASI ERİC;1520;1510
2026-09-28 05:05;KU91032;M6x0,75x4 BUKSE VİDA ERİC;4140;4130
2026-09-28 05:05;KU91034;M8x1 TPKN 22 BASKI VİDASI ERİC;585;575
2026-09-28 05:05;KU90032;WNMG 08 TEKNİK - MBC ALTLIK ERİC ;560;530
2026-09-28 05:05;KU72114;APKT 10035 ALU TAL4000 ERİC;2470;2460
2026-09-28 05:05;KU72115;APKT 1604 ALU TAL4000 ERİC;840;2830
2026-09-28 05:05;KU72108;CCGT 060204 ALU TAL4000 ERİC;690;680
2026-09-28 05:05;KU72109;CCGT 09T304 ALU TAL4000 ERİC;370;360
2026-09-28 05:05;KU72103;DCGT 070208 ALU TAL4000 ERİC;480;470
2026-09-28 05:05;KU72105;DCGT 11T304 ALU TAL4000 ERİC;1230;1120
2026-09-28 05:05;KU72106;DCGT 11T308 ALU TAL4000 ERİC;1440;2380
2026-09-28 05:05;KU72118;TCGT 16T304 ALU TAL4000 ERİC;60;40
2026-09-28 05:05;KU72111;VCGT 160402 ALU TAL4000 ERİC;640;590
2026-09-28 05:05;KU72112;VCGT 160404 ALU TAL4000 ERİC;340;210
2026-09-28 05:05;KU72113;VCGT 160408 ALU TAL4000 ERİC;410;370
2026-09-28 05:05;KU84018;APKT 160408 CBN ERİC;86;84
2026-09-28 05:05;KU84012;CCMT 09T308 CBN ERİC;0;198
2026-09-28 05:05;KU84004;DCMT 11T308 CBN ERİC;138;136
2026-09-28 05:05;KU84006;DNMG 150608 CBN ERİC;156;144
2026-09-28 05:05;KU84020;MGMN 300 CBN ERİC;226;368
2026-09-28 05:05;KU84023;RDMT 12T3 CBN ERİC;94;92
2026-09-28 05:05;KU84008;VBMT 160408 CBN ERİC;140;138
2026-09-28 05:05;KU84016;WNMG 080408 CBN ERİC;200;198
2026-09-28 05:05;KU75107;22 ER TR 4,00 TAL3007 ERİC;190;180
2026-09-28 05:05;KU75108;22 ER TR 5,00 TAL3007 ERİC;460;450
2026-09-28 05:05;KU75109;22 ER TR 6,00 TAL3007 ERİC;300;290
2026-09-28 05:05;KU75116;22 IR TR 4,00 TAL3007 ERİC;370;360
2026-09-28 05:05;KU75117;22 IR TR 5,00 TAL3007 ERİC;180;170
2026-09-28 05:05;KU75118;22 IR TR 6,00 TAL3007 ERİC;400;390
2026-09-28 05:05;KU77102;11 ER 0,50 İSO TAL3007 ERİC;1200;1190
2026-09-28 05:05;KU77107-1;11 ER 2,00 İSO TAL3007 ERİC;560;550
2026-09-28 05:05;KU78102;11 IR 0,50 İSO TAL3007 ERİC;560;550
2026-09-28 05:05;KU78107-1;11 IR 2,00 İSO TAL3007 ERİC;580;1070
2026-09-28 05:05;KU77109;16 ER 0,75 İSO TAL3007 ERİC;1620;1570
2026-09-28 05:05;KU77110;16 ER 1,00 İSO TAL3007 ERİC;1960;1950
2026-09-28 05:05;KU77112;16 ER 1,50 İSO TAL3007 ERİC;420;390
2026-09-28 05:05;KU77114;16 ER 2,00 İSO TAL3007 ERİC;390;1820
2026-09-28 05:05;KU77115;16 ER 2,50 İSO TAL3007 ERİC;1180;1150
2026-09-28 05:05;KU77116;16 ER 3,00 İSO TAL3007 ERİC;1160;2150
2026-09-28 05:05;KU77116-1;16 ER 3,50 İSO TAL3007 ERİC;250;230
2026-09-28 05:05;KU77117;16 ER AG60 İSO TAL3007 ERİC;2630;3580
2026-09-28 05:05;KU78110;16 IR 1,00 İSO TAL3007 ERİC;1130;1120
2026-09-28 05:05;KU78116;16 IR 3,00 İSO TAL3007 ERİC;950;940
2026-09-28 05:05;KU78117;16 IR AG60 İSO TAL3007 ERİC;250;1050
2026-09-28 05:05;KU77119;22 ER 4,00 İSO TAL3007 ERİC;460;450
2026-09-28 05:05;KU77122;22 ER 6,00 İSO TAL3007 ERİC;440;630
2026-09-28 05:05;KU78118;22 IR 3,50 İSO TAL3007 ERİC;520;820
2026-09-28 05:05;KU78119;22 IR 4,00 İSO TAL3007 ERİC;360;350
2026-09-28 05:05;KU78122;22 IR 6,00 İSO TAL3007 ERİC;510;500
2026-09-28 05:05;KU70116;3PKT 1004 TAL3007 ERİC;410;900
2026-09-28 05:05;KU70119;4NKT 060308 TAL3007 ERİC;900;890
2026-09-28 05:05;KU70101;APKT 1035PDSR TAL3007 ERİC;2960;2950
2026-09-28 05:05;KU70102;APKT 1604PDER-XM TAL3007 ERİC;2750;2740
2026-09-28 05:05;KU70100;APMT 1135PDER TAL3007;0;1990
2026-09-28 05:05;KU70102-1;APMT 1604PDER TAL3007;0;1490
2026-09-28 05:05;KU70112;BLMP 0603 TAL3007 ERİC;9390;9280
2026-09-28 05:05;KU70113;BLMP 0904 TAL3007 ERİC;1160;1150
2026-09-28 05:05;KU70118;JDMT 070204 TAL3007 ERİC;710;600
2026-09-28 05:05;KU70111;LNMU 0303 TAL3007 ERİC;0;2990
2026-09-28 05:05;KU70126;LOGU 0303ER-GM TAL3007 ERİC;3600;3590
2026-09-28 05:05;KU70124;ONMU 050505 TAL3007 ERİC;2290;2280
2026-09-28 05:05;KU70104;RDMW 1204M0 TAL3007 ERİC;920;900
2026-09-28 05:05;KU70121;RT 100308 TAL3007 ERİC;550;510
2026-09-28 05:05;KU70107;TPXR 2204PDSKR TAL3007 ERİC;1640;1630
2026-09-28 05:05;KU70114;WNMU 0806 TAL3007 ERİC;2060;2050
2026-09-28 05:05;KU74111;MGGN 200-R8 TAL3007 ERİC;590;540
2026-09-28 05:05;KU74116;MGGN 300 TAL4000 ERİC;0;990
2026-09-28 05:05;KU74120;MGGN 300-R15 TAL3007 ERİC;0;990
2026-09-28 05:05;KU74112;MGGN 300-R8 TAL3007 ERİC;1130;1090
2026-09-28 05:05;KU74118;MGGN 500 TAL4000 ERİC;190;180
2026-09-28 05:05;KU74122;MGGN 500-R15 TAL3007 ERİC;190;180
2026-09-28 05:05;KU74101;MGMN 150-G TAL3007 ERİC;140;640
2026-09-28 05:05;KU74102;MGMN 200-G TAL3007 ERİC;2670;4670
2026-09-28 05:05;KU74103;MGMN 300-M TAL3007 ERİC;0;9990
2026-09-28 05:05;KU74104;MGMN 400-M TAL3007 ERİC;1180;1060
2026-09-28 05:05;KU74105;MGMN 500-M TAL3007 ERİC;710;700
2026-09-28 05:05;KU74106;MGMN 600-M TAL3007 ERİC;90;380
2026-09-28 05:05;KU74108;MRMN 300-M TAL3007 ERİC;1050;1040
2026-09-28 05:05;KU74110;MRMN 500-M TAL3007 ERİC;310;300
2026-09-28 05:05;KU76101;16 ER/IL 1,00 TAL3007 ERİC;1580;1550
2026-09-28 05:05;KU76111;16 ER/IL 2,00 TAL3007 ERİC;720;710
2026-09-28 05:05;KU76112;16 IR/EL 1,00 TAL3007 ERİC;930;890
2026-09-28 05:05;KU76122;16 IR/EL 2,00 TAL3007 ERİC;620;610
2026-09-28 05:05;KU85008;CCMT 060208 PCD ERİC;30;28
2026-09-28 05:05;KU85009;CCMT 09T304 PCD ERİC;30;128
2026-09-28 05:05;KU85004;DCMT 11T308 PCD ERİC;0;148
2026-09-28 05:05;KU85014;MGMN 300 PCD ERİC;0;198
2026-09-28 05:05;KU85006;VBMT 160408 PCD ERİC;20;118
2026-09-28 05:05;KU71118;CCMT 060208 TAL3007 ERİC;0;990
2026-09-28 05:05;KU71120;CCMT 09T308 TAL3007 ERİC;110;1100
2026-09-28 05:05;KU71121;CCMT 120404 TAL3007 ERİC;480;430
2026-09-28 05:05;KU71124;DCMT 070204 TAL3007 ERİC;680;1670
2026-09-28 05:05;KU71125;DCMT 070208 TAL3007 ERİC;1380;1280
2026-09-28 05:05;KU71126;DCMT 11T304 TAL3007 ERİC;2750;4640
2026-09-28 05:05;KU71127;DCMT 11T308 TAL3007 ERİC;1360;1260
2026-09-28 05:05;KU71104;DNMG 150608 TAL3007 ERİC;1540;1530
2026-09-28 05:05;KU71100R;KNUX 160405R11 TAL3007 ERİC;1530;1970
2026-09-28 05:05;KU71138;SCMT 09T304 TAL3007 ERİC;390;380
2026-09-28 05:05;KU71109;TNMG 160408 TAL3007 ERİC;120;610
2026-09-28 05:05;KU71128;VBMT 160404 TAL3007 ERİC;20;2010
2026-09-28 05:05;KU71129;VBMT 160408 TAL3007 ERİC;1600;1500
2026-09-28 05:05;KU71113;WNMG 080404 TAL3007 ERİC;1100;1080
2026-09-28 05:05;KU71114;WNMG 080408 TAL3007 ERİC;2160;4150
2026-09-28 05:05;KU82031;CCMT 09T308 TAL7010 ÇİFT KAPLAMALI ERİC;170;160
2026-09-28 05:05;KU82029;DCMT 11T308 TAL7010 ÇİFT KAPLAMALI ERİC;30;500
2026-09-28 05:05;KU82003;DNMG 150604 TAL7010 ÇİFT KAPLAMALI ERİC;320;310
2026-09-28 05:05;KU82004;DNMG 150608 TAL7010 ÇİFT KAPLAMALI ERİC;770;760
2026-09-28 05:05;KU82010;DNMG 150608L-S TAL7010 ÇİFT KAPLAMALI ERİC;550;540
2026-09-28 05:05;KU82007;DNMG 150608R-S TAL7010 ÇİFT KAPLAMALI ERİC;1020;1010
2026-09-28 05:05;KU82017;TNMG 160408L-S TAL7010 ÇİFT KAPLAMALI ERİC;100;90
2026-09-28 05:05;KU82015;TNMG 160408R-S TAL7010 ÇİFT KAPLAMALI ERİC;40;430
2026-09-28 05:05;KU82025;WNMG 080408L-S TAL7010 ÇİFT KAPLAMALI ERİC;450;440
2026-09-28 05:05;KU82023;WNMG 080408R-S TAL7010 ÇİFT KAPLAMALI ERİC;410;400
2026-09-28 05:05;KU73101;SPMG 050204 SK TAL3007 ERİC;1510;1500
2026-09-28 05:05;KU73102;SPMG 060204 SK TAL3007 ERİC;740;730
2026-09-28 05:05;KU73103;SPMG 07T308 SK TAL3007 ERİC;380;1370
2026-09-28 05:05;KU73104;SPMG 090408 SK TAL3007 ERİC;0;490
2026-09-28 05:05;KU73107;WCMX 040208 SK TAL3007 ERİC;3300;3170
2026-09-28 05:05;KU73108;WCMX 050308 SK TAL3007 ERİC;1840;1830
2026-09-28 05:05;KU73109;WCMX 06T308 SK TAL3007 ERİC;1710;1700
2026-09-28 05:05;T3AL07510;10MM 3 AĞIZ ALÜMİNYUM KARBÜR FREZE ERİC;25;64
2026-09-28 05:05;TA1K326510;10MM TEK AĞIZ ALÜMİNYUM KARBÜR FREZE KESME BOY:32MM ERİC;11;40
2026-09-28 05:05;T3UAL10010;10MM UZUN 3 AĞIZ ALÜMİNYUM KARBÜR FREZE BOY:100MM ERİC;0;99
2026-09-28 05:05;TAL05001;1MM 2 AĞIZ ALÜMİNYUM KARBÜR FREZE ERİC;44;40
2026-09-28 05:05;T3AL10020;20MM 3 AĞIZ ALÜMİNYUM KARBÜR FREZE ERİC;20;19
2026-09-28 05:05;T3UAL15020;20MM UZUN 3 AĞIZ ALÜMİNYUM KARBÜR FREZE BOY:150MM ERİC;13;22
2026-09-28 05:05;TA1K224503;3,175MM TEK AĞIZ ALÜMİNYUM KARBÜR FREZE KESME BOY:22MM ERİC;97;246
2026-09-28 05:05;T3AL05004;4MM 3 AĞIZ ALÜMİNYUM KARBÜR FREZE ERİC;0;199
2026-09-28 05:05;TA1K224504;4MM TEK AĞIZ ALÜMİNYUM KARBÜR FREZE KESME BOY:22MM ERİC;231;229
2026-09-28 05:05;TA1K325504;4MM TEK AĞIZ ALÜMİNYUM KARBÜR FREZE KESME BOY:32MM ERİC;20;69
2026-09-28 05:05;T3UAL10004;4MM UZUN 3 AĞIZ ALÜMİNYUM KARBÜR FREZE BOY:100MM ERİC;0;79
2026-09-28 05:05;T3AL05006;6MM 3 AĞIZ ALÜMİNYUM KARBÜR FREZE ERİC;0;199
2026-09-28 05:05;TA1K255006;6MM TEK AĞIZ ALÜMİNYUM KARBÜR FREZE KESME BOY:25MM ERİC;68;63
2026-09-28 05:05;TA1K326006;6MM TEK AĞIZ ALÜMİNYUM KARBÜR FREZE KESME BOY:32MM ERİC;35;34
2026-09-28 05:05;T3UAL10006;6MM UZUN 3 AĞIZ ALÜMİNYUM KARBÜR FREZE BOY:100MM ERİC;0;199
2026-09-28 05:05;T412016;M1,6 KARBÜR 3 DİŞLİ DİŞ FREZESİ ERİC;0;199
2026-09-28 05:05;T411100;M10 KARBÜR HAVŞALI DİŞ FREZESİ ERİC;103;102
2026-09-28 05:05;T412140;M14 KARBÜR 3 DİŞLİ DİŞ FREZESİ ERİC;56;55
2026-09-28 05:05;T412180;M18 KARBÜR 3 DİŞLİ DİŞ FREZESİ ERİC;34;23
2026-09-28 05:05;T412020;M2 KARBÜR 3 DİŞLİ DİŞ FREZESİ ERİC;37;35
2026-09-28 05:05;T412025;M2,5 KARBÜR 3 DİŞLİ DİŞ FREZESİ ERİC;123;116
2026-09-28 05:05;T411200;M20 KARBÜR HAVŞALI DİŞ FREZESİ ERİC;37;36
2026-09-28 05:05;T412040;M4 KARBÜR 3 DİŞLİ DİŞ FREZESİ ERİC;43;341
2026-09-28 05:05;T411040;M4 KARBÜR HAVŞALI DİŞ FREZESİ ERİC;25;24
2026-09-28 05:05;T412060;M6 KARBÜR 3 DİŞLİ DİŞ FREZESİ ERİC;0;549
2026-09-28 05:05;T411060;M6 KARBÜR HAVŞALI DİŞ FREZESİ ERİC;97;146
2026-09-28 05:05;T412080;M8 KARBÜR 3 DİŞLİ DİŞ FREZESİ ERİC;105;201
2026-09-28 05:05;T411080;M8 KARBÜR HAVŞALI DİŞ FREZESİ ERİC;93;88
2026-09-28 05:05;TP844100;10MM PARMAK FREZE HSS DİN844 ERİC;672;655
2026-09-28 05:05;TPU844100;10MM UZUN PARMAK FREZE HSS DİN844 ERİC;160;155
2026-09-28 05:05;TPU844110;11MM UZUN PARMAK FREZE HSS DİN844 ERİC;82;77
2026-09-28 05:05;TP844120;12MM PARMAK FREZE HSS DİN844 ERİC;423;418
2026-09-28 05:05;TKU844120;12MM UZUN KABATALAŞ FREZE HSS DIN844 ERİC;65;64
2026-09-28 05:05;TP844130;13MM PARMAK FREZE HSS DİN844 ERİC;116;111
2026-09-28 05:05;TP844140;14MM PARMAK FREZE HSS DİN844 ERİC;585;573
2026-09-28 05:05;TP844150;15MM PARMAK FREZE HSS DİN844 ERİC;301;300
2026-09-28 05:05;TK844160;16MM KABATALAŞ FREZE HSS DIN844 ERİC;153;146
2026-09-28 05:05;TP844160;16MM PARMAK FREZE HSS DİN844 ERİC;263;255
2026-09-28 05:05;TPU844160;16MM UZUN PARMAK FREZE HSS DİN844 ERİC;305;300
2026-09-28 05:05;TP844180;18MM PARMAK FREZE HSS DİN844 ERİC;193;191
2026-09-28 05:05;TP844200;20MM PARMAK FREZE HSS DİN844 ERİC;401;398
2026-09-28 05:05;TPU844030;3MM UZUN PARMAK FREZE HSS DİN844 ERİC;35;30
2026-09-28 05:05;TP844040;4MM PARMAK FREZE HSS DİN844 ERİC;550;549
2026-09-28 05:05;TP844050;5MM PARMAK FREZE HSS DİN844 ERİC;227;217
2026-09-28 05:05;TP844060;6MM PARMAK FREZE HSS DİN844 ERİC;639;634
2026-09-28 05:05;TP844080;8MM PARMAK FREZE HSS DİN844 ERİC;893;885
2026-09-28 05:05;T335104;10,4MM HAVŞA FREZE 90 DERECE HSS DIN335/C ERİC;725;698
2026-09-28 05:05;1702 0310490;10,4MM TIALN HSS-G DIN335 90° HAVŞA FREZE BOHRCRAFT;16;13
2026-09-28 05:05;T335124;12,4MM HAVŞA FREZE 90 DERECE HSS DIN335/C ERİC;1262;1234
2026-09-28 05:05;1702 0312490;12,4MM TIALN HSS-G DIN335 90° HAVŞA FREZE BOHRCRAFT;21;17
2026-09-28 05:05;TK335120;12MM KARBÜR HAVŞA FREZE 90DERECE ERİC;25;24
2026-09-28 05:05;T335165;16,5MM HAVŞA FREZE 90 DERECE HSS DIN335/C ERİC;379;377
2026-09-28 05:05;1702 0316590;16,5MM TIALN HSS-G DIN335 90° HAVŞA FREZE BOHRCRAFT;8;4
2026-09-28 05:05;T334160;16MM 60 DERECE HAVŞA FREZE HSS DIN334/C ERİC;78;76
2026-09-28 05:05;T335160;16MM HAVŞA FREZE 90 DERECE HSS DIN335/C ERİC;959;935
2026-09-28 05:05;T335205;20,5MM HAVŞA FREZE 90 DERECE HSS DIN335/C ERİC;294;281
2026-09-28 05:05;1702 0320590;20,5MM TIALN HSS-G DIN335 90° HAVŞA FREZE BOHRCRAFT;27;23
2026-09-28 05:05;T335200;20MM HAVŞA FREZE 90 DERECE HSS DIN335/C ERİC;1244;1196
2026-09-28 05:05;T335255;25,5MM HAVŞA FREZE 90 DERECE HSS DIN335/C ERİC;374;372
2026-09-28 05:05;T335250;25MM HAVŞA FREZE 90 DERECE HSS DIN335/C ERİC;1561;1540
2026-09-28 05:05;1702 0325090;25MM TIALN HSS-G DIN335 90° HAVŞA FREZE BOHRCRAFT;14;12
2026-09-28 05:05;T335300;30MM HAVŞA FREZE 90 DERECE HSS DIN335/C ERİC;747;739
2026-09-28 05:05;1702 0331090;31MM TIALN HSS-G DIN335 90° HAVŞA FREZE BOHRCRAFT;10;8
2026-09-28 05:05;T335400;40MM HAVŞA FREZE 90 DERECE HSS DIN335/C ERİC;336;333
2026-09-28 05:05;T335500;50MM HAVŞA FREZE 90 DERECE HSS DIN335/C ERİC;164;163
2026-09-28 05:05;1702 0306390;6,3MM TIALN HSS-G DIN335 90° HAVŞA FREZE BOHRCRAFT;2;0
2026-09-28 05:05;T335083;8,3MM HAVŞA FREZE 90 DERECE HSS DIN335/C ERİC;653;638
2026-09-28 05:05;1702 0308390;8,3MM TIALN HSS-G DIN335 90° HAVŞA FREZE BOHRCRAFT;12;8
2026-09-28 05:05;T37310;M10 SABİT PİLOTLU HAVŞA FREZE HSS DIN373 ERİC;369;364
2026-09-28 05:05;T37312;M12 SABİT PİLOTLU HAVŞA FREZE HSS DIN373 ERİC;226;221
2026-09-28 05:05;T37306;M6 SABİT PİLOTLU HAVŞA FREZE HSS DIN373 ERİC;225;220
2026-09-28 05:05;T37308;M8 SABİT PİLOTLU HAVŞA FREZE HSS DIN373 ERİC;179;174
2026-09-28 05:05;TA102006;10MM A FORM KARBÜR KALIPÇI FREZE ERİC;231;228
2026-09-28 05:05;TB102006;10MM B FORM KARBÜR KALIPÇI FREZE ERİC;817;804
2026-09-28 05:05;TC102006;10MM C FORM KARBÜR KALIPÇI FREZE ERİC;355;354
2026-09-28 05:05;TD100906;10MM D FORM KARBÜR KALIPÇI FREZE ERİC;225;224
2026-09-28 05:05;TE101606;10MM E FORM KARBÜR KALIPÇI FREZE ERİC;72;52
2026-09-28 05:05;TF102006;10MM F FORM KARBÜR KALIPÇI FREZE ERİC;314;311
2026-09-28 05:05;TA122506;12MM A FORM KARBÜR KALIPÇI FREZE ERİC;300;297
2026-09-28 05:05;TC122506;12MM C FORM KARBÜR KALIPÇI FREZE ERİC;35;15
2026-09-28 05:05;TF122506;12MM F FORM KARBÜR KALIPÇI FREZE ERİC;354;342
2026-09-28 05:05;TG122506;12MM G FORM KARBÜR KALIPÇI FREZE ERİC;100;90
2026-09-28 05:05;TF162506;16MM F FORM KARBÜR KALIPÇI FREZE ERİC;584;582
2026-09-28 05:05;TA061606;6MM A FORM KARBÜR KALIPÇI FREZE ERİC;355;353
2026-09-28 05:05;TE061006;6MM E FORM KARBÜR KALIPÇI FREZE ERİC;211;210
2026-09-28 05:05;TB082006;8MM B FORM KARBÜR KALIPÇI FREZE ERİC;600;595
2026-09-28 05:05;TD080706;8MM D FORM KARBÜR KALIPÇI FREZE ERİC;296;286
2026-09-28 05:05;4F0751000;10MM 45HRC KARBÜR DÜZ FREZE ERİC;164;163
2026-09-28 05:05;4F550751000;10MM 55HRC KARBÜR DÜZ FREZE ERİC;317;316
2026-09-28 05:05;2FK550751200;12MM 55HRC KARBÜR KÜRE FREZE ERİC;81;80
2026-09-28 05:05;4FU551501200;12MM 55HRC UZUN KARBÜR DÜZ FREZE BOY:150MM ERİC;7;36
2026-09-28 05:05;2FKU551001200;12MM 55HRC UZUN KARBÜR KÜRE FREZE BOY:100MM ERİC;28;27
2026-09-28 05:05;4F551001600;16MM 55HRC KARBÜR DÜZ FREZE ERİC;91;90
2026-09-28 05:05;2FK551002000;20MM 55HRC KARBÜR KÜRE FREZE ERİC;34;33
2026-09-28 05:05;4FU551502000;20MM 55HRC UZUN KARBÜR DÜZ FREZE BOY:150MM ERİC;24;23
2026-09-28 05:05;2FK0050200;2MM 45HRC KARBÜR KÜRE FREZE ERİC;73;53
2026-09-28 05:05;2FK0050300;3MM 45HRC KARBÜR KÜRE FREZE ERİC;119;94
2026-09-28 05:05;4F550050300;3MM 55HRC KARBÜR DÜZ FREZE ERİC;434;431
2026-09-28 05:05;2FK0050400;4MM 45HRC KARBÜR KÜRE FREZE ERİC;219;189
2026-09-28 05:05;4F550050400;4MM 55HRC KARBÜR DÜZ FREZE ERİC;265;563
2026-09-28 05:05;2FK550050400;4MM 55HRC KARBÜR KÜRE FREZE ERİC;708;707
2026-09-28 05:05;4FU550100400;4MM 55HRC UZUN KARBÜR DÜZ FREZE BOY:100MM ERİC;150;148
2026-09-28 05:05;2FKU550075400;4MM 55HRC UZUN KARBÜR KÜRE FREZE BOY:75MM ERİC;117;116
2026-09-28 05:05;4F0050500;5MM 45HRC KARBÜR DÜZ FREZE ERİC;254;244
2026-09-28 05:05;2FK0050500;5MM 45HRC KARBÜR KÜRE FREZE ERİC;152;142
2026-09-28 05:05;4FU0100500;5MM 45HRC UZUN KARBÜR DÜZFREZE BOY:100MM ERİC;242;241
2026-09-28 05:05;4F0050600;6MM 45HRC KARBÜR DÜZ FREZE ERİC;195;185
2026-09-28 05:05;4F550050600;6MM 55HRC KARBÜR DÜZ FREZE ERİC;386;585
2026-09-28 05:05;4FU550100600;6MM 55HRC UZUN KARBÜR DÜZ FREZE BOY:100MM ERİC;88;187
2026-09-28 05:05;2FKU550100600;6MM 55HRC UZUN KARBÜR KÜRE FREZE BOY:100MM ERİC;46;45
2026-09-28 05:05;4FR0150600;6MM R1 45HRC KARBÜR KÖŞE RADUS FREZE ERİC;99;89
2026-09-28 05:05;2FK550060800;8MM 55HRC KARBÜR KÜRE FREZE ERİC;145;144
2026-09-28 05:05;4FU551500800;8MM 55HRC UZUN KARBÜR DÜZ FREZE BOY:150MM ERİC ;45;44
2026-09-28 05:05;TKV10060;6MM KÖŞE YUVARLAMA FREZESİ HSS-E CO5 DIN6518 ERİC;133;132
2026-09-28 05:05;TK45016;16MM 45 DERECE KIRLANGIÇ FREZE HSS-E CO5 DIN1833B ERİC;75;74
2026-09-28 05:05;TK60016;16MM 60 DERECE KIRLANGIÇ FREZE HSS-E CO5 DIN1833B ERİC;84;82
2026-09-28 05:05;TK45025;25MM 45 DERECE KIRLANGIÇ FREZE HSS-E CO5 DIN1833B ERİC;75;74
2026-09-28 05:05;TK45032;32MM 45 DERECE KIRLANGIÇ FREZE HSS-E CO5 DIN1833B ERİC;84;83
2026-09-28 05:05;TK60032;32MM 60 DERECE KIRLANGIÇ FREZE HSS-E CO5 DIN1833B ERİC;75;74
2026-09-28 05:05;Mİ050250;0,5MM DALMA BOY 2MM MİKRO DÜZ KARBÜR PARMAK FREZE ERİC;7;0
2026-09-28 05:05;Mİ050350;0,5MM DALMA BOY 3MM MİKRO DÜZ KARBÜR PARMAK FREZE ERİC;19;17
2026-09-28 05:05;Mİ050450;0,5MM DALMA BOY 4MM MİKRO DÜZ KARBÜR PARMAK FREZE ERİC;119;107
2026-09-28 05:05;Mİ201050;2MM DALMA BOY 10MM MİKRO DÜZ KARBÜR PARMAK FREZE ERİC;320;319
2026-09-28 05:05;MİR201050;2MM DALMA BOY 10MM MİKRO KÜRE KARBÜR PARMAK FREZE ERİC;202;201
2026-09-28 05:05;Mİ201250;2MM DALMA BOY 12MM MİKRO DÜZ KARBÜR PARMAK FREZE ERİC;303;302
2026-09-28 05:05;MİR201250;2MM DALMA BOY 12MM MİKRO KÜRE KARBÜR PARMAK FREZE ERİC;242;241
2026-09-28 05:05;Mİ201650;2MM DALMA BOY 16MM MİKRO DÜZ KARBÜR PARMAK FREZE ERİC;296;295
2026-09-28 05:05;MİR201650;2MM DALMA BOY 16MM MİKRO KÜRE KARBÜR PARMAK FREZE ERİC;373;372
2026-09-28 05:05;Mİ202050;2MM DALMA BOY 20MM MİKRO DÜZ KARBÜR PARMAK FREZE ERİC;231;220
2026-09-28 05:05;MİR202050;2MM DALMA BOY 20MM MİKRO KÜRE KARBÜR PARMAK FREZE ERİC;293;292
2026-09-28 05:05;Mİ200450;2MM DALMA BOY 4MM MİKRO DÜZ KARBÜR PARMAK FREZE ERİC;50;49
2026-09-28 05:05;Mİ200650;2MM DALMA BOY 6MM MİKRO DÜZ KARBÜR PARMAK FREZE ERİC;141;140
2026-09-28 05:05;MİR200650;2MM DALMA BOY 6MM MİKRO KÜRE KARBÜR PARMAK FREZE ERİC;103;102
2026-09-28 05:05;Mİ200850;2MM DALMA BOY 8MM MİKRO DÜZ KARBÜR PARMAK FREZE ERİC;141;140
2026-09-28 05:05;MİR200850;2MM DALMA BOY 8MM MİKRO KÜRE KARBÜR PARMAK FREZE ERİC;92;91
2026-09-28 05:05;MİR02200650;2MM R0,2 DALMA BOY 6MM MİKRO RADİUS KARBÜR PARMAK FREZE ERİC;60;58
2026-09-28 05:05;MİR02200850;2MM R0,2 DALMA BOY 8MM MİKRO RADİUS KARBÜR PARMAK FREZE ERİC;60;58
2026-09-28 05:05;MİR02301250;3MM R0,2 DALMA BOY 12MM MİKRO RADİUS KARBÜR PARMAK FREZE ERİC;52;50
2026-09-28 05:05;TKP09012;12MM 90DERECE KARBÜR PAH KIRMA FREZESİ ERİC;48;47
2026-09-28 05:05;TKP09004;4MM 90DERECE KARBÜR PAH KIRMA FREZESİ ERİC;0;199
2026-09-28 05:05;TKP09008;8MM 90DERECE KARBÜR PAH KIRMA FREZESİ ERİC;78;177
2026-09-28 05:05;TRF10502;10,5*2MM T FREZE HSS DIN850 ERİC;40;39
2026-09-28 05:05;TRF13502;13,5*2MM T FREZE HSS DIN850 ERİC;66;65
2026-09-28 05:05;TRF13504;13,5*4MM T FREZE HSS DIN850 ERİC;24;22
2026-09-28 05:05;TRF16503;16,5*3MM T FREZE HSS DIN850 ERİC;56;53
2026-09-28 05:05;TRF25506;25,5*6MM T FREZE HSS DIN850 ERİC;72;71
2026-09-28 05:05;T3380008CO;0,8MM ALTIN SERİ MATKAP UCU HSS DİN338 ERİC;1680;1660
2026-09-28 05:05;T3380009CO;0,9MM ALTIN SERİ MATKAP UCU HSS DİN338 ERİC;1850;1830
2026-09-28 05:05;T3380013CO;1,3MM ALTIN SERİ MATKAP UCU HSS DİN338 ERİC;840;830
2026-09-28 05:05;T3380015CO;1,5MM ALTIN SERİ MATKAP UCU HSS DİN338 ERİC;3070;3060
2026-09-28 05:05;T3380102CO;10,2MM ALTIN SERİ MATKAP UCU HSS DİN338 ERİC;400;385
2026-09-28 05:05;T3380105F;10,5MM FULLY GROUND MATKAP UCU HSS DİN338 ERİC;1710;1695
2026-09-28 05:05;T3380100CO;10MM ALTIN SERİ MATKAP UCU HSS DİN338 ERİC;1655;1595
2026-09-28 05:05;T3380100F;10MM FULLY GROUND MATKAP UCU HSS DİN338 ERİC;1890;1875
2026-09-28 05:05;TGT340100;10MM UZUN MATKAP UCU HSS DIN340 GT100 ERİC;180;175
2026-09-28 05:05;T3380115CO;11,5MM ALTIN SERİ MATKAP UCU HSS DİN338 ERİC;355;335
2026-09-28 05:05;T3380115F;11,5MM FULLY GROUND MATKAP UCU HSS DİN338 ERİC;910;890
2026-09-28 05:05;T3380110CO;11MM ALTIN SERİ MATKAP UCU HSS DİN338 ERİC;500;495
2026-09-28 05:05;T3380110F;11MM FULLY GROUND MATKAP UCU HSS DİN338 ERİC;985;980
2026-09-28 05:05;T3380125CO;12,5MM ALTIN SERİ MATKAP UCU HSS DİN338 ERİC;385;375
2026-09-28 05:05;T3380125F;12,5MM FULLY GROUND MATKAP UCU HSS DİN338 ERİC;540;535
2026-09-28 05:05;T3380120CO;12MM ALTIN SERİ MATKAP UCU HSS DİN338 ERİC;1220;1165
2026-09-28 05:05;T3380120F;12MM FULLY GROUND MATKAP UCU HSS DİN338 ERİC;545;540
2026-09-28 05:05;T3380135CO;13,5MM ALTIN SERİ MATKAP UCU HSS DİN338 ERİC;113;101
2026-09-28 05:05;T3380135F;13,5MM FULLY GROUND MATKAP UCU HSS DİN338 ERİC;314;301
2026-09-28 05:05;T3380130CO;13MM ALTIN SERİ MATKAP UCU HSS DİN338 ERİC;400;370
2026-09-28 05:05;T3380130F;13MM FULLY GROUND MATKAP UCU HSS DİN338 ERİC;550;545
2026-09-28 05:05;T3380142CO;14,2MM ALTIN SERİ MATKAP UCU HSS DİN338 ERİC;41;39
2026-09-28 05:05;T3380145F;14,5MM FULLY GROUND MATKAP UCU HSS DİN338 ERİC;166;164
2026-09-28 05:05;T3380140CO;14MM ALTIN SERİ MATKAP UCU HSS DİN338 ERİC;849;840
2026-09-28 05:05;T3380140F;14MM FULLY GROUND MATKAP UCU HSS DİN338 ERİC;935;931
2026-09-28 05:05;TGT340140;14MM UZUN MATKAP UCU HSS DIN340 GT100 ERİC;157;155
2026-09-28 05:05;T3380155CO;15,5MM ALTIN SERİ MATKAP UCU HSS DİN338 ERİC;243;241
2026-09-28 05:05;T3380158CO;15,8MM ALTIN SERİ MATKAP UCU HSS DİN338 ERİC;71;61
2026-09-28 05:05;T3380150CO;15MM ALTIN SERİ MATKAP UCU HSS DİN338 ERİC;83;82
2026-09-28 05:05;T3380165F;16,5MM FULLY GROUND MATKAP UCU HSS DİN338 ERİC;87;84
2026-09-28 05:05;T3380160CO;16MM ALTIN SERİ MATKAP UCU HSS DİN338 ERİC;267;265
2026-09-28 05:05;T3380170CO;17MM ALTIN SERİ MATKAP UCU HSS DİN338 ERİC;117;115
2026-09-28 05:05;T3380170F;17MM FULLY GROUND MATKAP UCU HSS DİN338 ERİC;128;126
2026-09-28 05:05;T3380185CO;18,5MM ALTIN SERİ MATKAP UCU HSS DİN338 ERİC;74;73
2026-09-28 05:05;T3380185F;18,5MM FULLY GROUND MATKAP UCU HSS DİN338 ERİC;91;89
2026-09-28 05:05;T3380180CO;18MM ALTIN SERİ MATKAP UCU HSS DİN338 ERİC;97;82
2026-09-28 05:05;T3380180F;18MM FULLY GROUND MATKAP UCU HSS DİN338 ERİC;127;115
2026-09-28 05:05;T3380190F;19MM FULLY GROUND MATKAP UCU HSS DİN338 ERİC;131;130
2026-09-28 05:05;T3380010CO;1MM ALTIN SERİ MATKAP UCU HSS DİN338 ERİC;6330;6310
2026-09-28 05:05;T3380025CO;2,5MM ALTIN SERİ MATKAP UCU HSS DİN338 ERİC;3560;3520
2026-09-28 05:05;T3380026CO;2,6MM ALTIN SERİ MATKAP UCU HSS DİN338 ERİC;550;530
2026-09-28 05:05;T3380200F;20MM FULLY GROUND MATKAP UCU HSS DİN338 ERİC;184;182
2026-09-28 05:05;T3380210F;21MM FULLY GROUND MATKAP UCU HSS DİN338 ERİC;97;93
2026-09-28 05:05;T3380020CO;2MM ALTIN SERİ MATKAP UCU HSS DİN338 ERİC;2930;2820
2026-09-28 05:05;T3380032CO;3,2MM ALTIN SERİ MATKAP UCU HSS DİN338 ERİC;2900;2880
2026-09-28 05:05;T3380030CO;3MM ALTIN SERİ MATKAP UCU HSS DİN338 ERİC;7580;7470
2026-09-28 05:05;T3380042F;4,2MM FULLY GROUND MATKAP UCU HSS DİN338 ERİC;3510;3490
2026-09-28 05:05;T3380043CO;4,3MM ALTIN SERİ MATKAP UCU HSS DİN338 ERİC;960;940
2026-09-28 05:05;T3380045CO;4,5MM ALTIN SERİ MATKAP UCU HSS DİN338 ERİC;3060;3010
2026-09-28 05:05;T3380040CO;4MM ALTIN SERİ MATKAP UCU HSS DİN338 ERİC;6980;6680
2026-09-28 05:05;T3380040F;4MM FULLY GROUND MATKAP UCU HSS DİN338 ERİC;7130;7090
2026-09-28 05:05;TGT340040;4MM UZUN MATKAP UCU HSS DIN340 GT100 ERİC;2570;2560
2026-09-28 05:05;T3380052CO;5,2MM ALTIN SERİ MATKAP UCU HSS DİN338 ERİC;2060;2010
2026-09-28 05:05;TGT340052;5,2MM UZUN MATKAP UCU HSS DIN340 GT100 ERİC;1860;1850
2026-09-28 05:05;T3380053CO;5,3MM ALTIN SERİ MATKAP UCU HSS DİN338 ERİC;1730;1690
2026-09-28 05:05;T3380055CO;5,5MM ALTIN SERİ MATKAP UCU HSS DİN338 ERİC;2210;2160
2026-09-28 05:05;T3380050CO;5MM ALTIN SERİ MATKAP UCU HSS DİN338 ERİC;5690;5550
2026-09-28 05:05;T3380050F;5MM FULLY GROUND MATKAP UCU HSS DİN338 ERİC;5200;5180
2026-09-28 05:05;TGT340050;5MM UZUN MATKAP UCU HSS DIN340 GT100 ERİC;1630;1620
2026-09-28 05:05;T3380062CO;6,2MM ALTIN SERİ MATKAP UCU HSS DİN338 ERİC;1010;1000
2026-09-28 05:05;T3380065CO;6,5MM ALTIN SERİ MATKAP UCU HSS DİN338 ERİC;2420;2410
2026-09-28 05:05;T3380065F;6,5MM FULLY GROUND MATKAP UCU HSS DİN338 ERİC;3050;3020
2026-09-28 05:05;TGT340065;6,5MM UZUN MATKAP UCU HSS DIN340 GT100 ERİC;1810;1800
2026-09-28 05:05;T3380068F;6,8MM FULLY GROUND MATKAP UCU HSS DİN338 ERİC;1750;1730
2026-09-28 05:05;T3380060CO;6MM ALTIN SERİ MATKAP UCU HSS DİN338 ERİC;4210;4080
2026-09-28 05:05;T3380060F;6MM FULLY GROUND MATKAP UCU HSS DİN338 ERİC;4420;4370
2026-09-28 05:05;T3380070CO;7MM ALTIN SERİ MATKAP UCU HSS DİN338 ERİC;800;620
2026-09-28 05:05;T3380070F;7MM FULLY GROUND MATKAP UCU HSS DİN338 ERİC;870;850
2026-09-28 05:05;T3380085CO;8,5MM ALTIN SERİ MATKAP UCU HSS DİN338 ERİC;2950;2940
2026-09-28 05:05;T3380085F;8,5MM FULLY GROUND MATKAP UCU HSS DİN338 ERİC;1870;1860
2026-09-28 05:05;T3380080CO;8MM ALTIN SERİ MATKAP UCU HSS DİN338 ERİC;2020;1950
2026-09-28 05:05;T3380080F;8MM FULLY GROUND MATKAP UCU HSS DİN338 ERİC;2470;2460
2026-09-28 05:05;T3380095CO;9,5MM ALTIN SERİ MATKAP UCU HSS DİN338 ERİC;480;470
2026-09-28 05:05;T3380098CO;9,8MM ALTIN SERİ MATKAP UCU HSS DİN338 ERİC;100;90
2026-09-28 05:05;T3380090CO;9MM ALTIN SERİ MATKAP UCU HSS DİN338 ERİC;1060;1055
2026-09-28 05:05;T3380090F;9MM FULLY GROUND MATKAP UCU HSS DİN338 ERİC;620;605
2026-09-28 05:05;TK4D120;12MM 4D KARBÜR MATKAP UCU ERİC;139;138
2026-09-28 05:05;TK338120;12MM KARBÜR MATKAP UCU DİN338 8D ERİC;72;71
2026-09-28 05:05;TK338025;2,5MM KARBÜR MATKAP UCU DİN338 8D ERİC;298;258
2026-09-28 05:05;TK4D032;3,2MM 4D KARBÜR MATKAP UCU ERİC;1004;994
2026-09-28 05:05;TK338032;3,2MM KARBÜR MATKAP UCU DİN338 8D ERİC;75;70
2026-09-28 05:05;TK4D040;4MM 4D KARBÜR MATKAP UCU ERİC;1283;1282
2026-09-28 05:05;TK338040;4MM KARBÜR MATKAP UCU DİN338 8D ERİC;281;280
2026-09-28 05:05;TK4D052;5,2MM 4D KARBÜR MATKAP UCU ERİC;657;654
2026-09-28 05:05;TK4D055;5,5MM 4D KARBÜR MATKAP UCU ERİC;468;458
2026-09-28 05:05;TK4D050;5MM 4D KARBÜR MATKAP UCU ERİC;1257;1252
2026-09-28 05:05;TK338050;5MM KARBÜR MATKAP UCU DİN338 8D ERİC;249;247
2026-09-28 05:05;TK4D068;6,8MM 4D KARBÜR MATKAP UCU ERİC;716;715
2026-09-28 05:05;TK4D060;6MM 4D KARBÜR MATKAP UCU ERİC;1686;1685
2026-09-28 05:05;TK4D080;8MM 4D KARBÜR MATKAP UCU ERİC;919;918
2026-09-28 05:05;TK338080;8MM KARBÜR MATKAP UCU DİN338 8D ERİC;345;344
2026-09-28 05:05;T345220;22MM KONİK MATKAP UCU HSS DIN345 ERİC;250;248
2026-09-28 05:05;T345250;25MM KONİK MATKAP UCU HSS DIN345 ERİC;145;144
2026-09-28 05:05;T345265;26,5MM KONİK MATKAP UCU HSS DIN345 ERİC;75;74
2026-09-28 05:05;T345260;26MM KONİK MATKAP UCU HSS DIN345 ERİC;125;124
2026-09-28 05:05;T345290;29MM KONİK MATKAP UCU HSS DIN345 ERİC;55;52
2026-09-28 05:05;T345305;30,5MM KONİK MATKAP UCU HSS DIN345 ERİC;23;22
2026-09-28 05:05;T345360;36MM KONİK MATKAP UCU HSS DIN345 ERİC;49;48
2026-09-28 05:05;T345390;39MM KONİK MATKAP UCU HSS DIN345 ERİC;31;30
2026-09-28 05:05;T345500;50MM KONİK MATKAP UCU HSS DIN345 ERİC;17;16
2026-09-28 05:05;TNC09010;10MM NC 90DERECE KARBÜR PUNTA MATKABI ERİC;63;62
2026-09-28 05:05;TK33302;2MM KARBÜR PUNTA MATKABI ERİC;154;153
2026-09-28 05:05;TCO333A315;3,15MM HSSE COBALTLI PUNTA MATKABI DIN333A ERİC;452;447
2026-09-28 05:05;T333A315;3,15MM PUNTA MATKABI HSS DIN333A ERİC;3627;3607
2026-09-28 05:05;T333U315;3,15MM UZUN PUNTA MATKABI HSS DIN333A ERİC;2326;2324
2026-09-28 05:05;TCO333A400;4MM HSSE COBALTLI PUNTA MATKABI DIN333A ERİC;208;203
2026-09-28 05:05;TK33304;4MM KARBÜR PUNTA MATKABI ERİC;187;186
2026-09-28 05:05;TNC09004;4MM NC 90DERECE KARBÜR PUNTA MATKABI ERİC;0;49
2026-09-28 05:05;T333A400;4MM PUNTA MATKABI HSS DIN333A ERİC;4410;4340
2026-09-28 05:05;TCO333A500;5MM HSSE COBALTLI PUNTA MATKABI DIN333A ERİC;169;166
2026-09-28 05:05;T333A500;5MM PUNTA MATKABI HSS DIN333A ERİC;4017;3992
2026-09-28 05:05;T333A630;6,3MM PUNTA MATKABI HSS DIN333A ERİC;1805;1802
2026-09-28 05:05;TK33306;6MM KARBÜR PUNTA MATKABI ERİC;88;87
2026-09-28 05:05;TNC09006;6MM NC 90DERECE KARBÜR PUNTA MATKABI ERİC;0;149
2026-09-28 05:05;1801 0300600;6MM PUNTA ÇÜRÜTME MATKABI HSSE DIN1897 BOHRCRAFT;16;15
2026-09-28 05:05;T333A800;8MM PUNTA MATKABI HSS DIN333A ERİC;500;494
2026-09-28 05:05;1801 0300800;8MM PUNTA ÇÜRÜTME MATKABI HSSE DIN1897 BOHRCRAFT;34;33
2026-09-28 05:05;1T1869100;10MM EXTRA UZUN MATKAP UCU HSS 1869-1 GT100 ERİC;70;65
2026-09-28 05:05;2T1869100;10MM EXTRA UZUN MATKAP UCU HSS 1869-2 GT100 ERİC;105;100
2026-09-28 05:05;3T1869100;10MM EXTRA UZUN MATKAP UCU HSS 1869-3 GT100 ERİC;100;95
2026-09-28 05:05;T340100;10MM UZUN TAŞLANMIŞ MATKAP UCU HSS DIN340RN ERİC;215;210
2026-09-28 05:05;T340140;14MM UZUN TAŞLANMIŞ MATKAP UCU HSS DIN340RN ERİC;40;39
2026-09-28 05:05;1T1869025;2,5MM EXTRA UZUN MATKAP UCU HSS 1869-1 GT100 ERİC;220;210
2026-09-28 05:05;1T1869040;4MM EXTRA UZUN MATKAP UCU HSS 1869-1 GT100 ERİC;100;80
2026-09-28 05:05;2T1869040;4MM EXTRA UZUN MATKAP UCU HSS 1869-2 GT100 ERİC;140;130
2026-09-28 05:05;3T1869040;4MM EXTRA UZUN MATKAP UCU HSS 1869-3 GT100 ERİC;150;140
2026-09-28 05:05;T340040;4MM UZUN TAŞLANMIŞ MATKAP UCU HSS DIN340RN ERİC;2690;2680
2026-09-28 05:05;1T1869050;5MM EXTRA UZUN MATKAP UCU HSS 1869-1 GT100 ERİC;270;260
2026-09-28 05:05;T340065;6,5MM UZUN TAŞLANMIŞ MATKAP UCU HSS DIN340RN ERİC;1930;1920
2026-09-28 05:05;T340060;6MM UZUN TAŞLANMIŞ MATKAP UCU HSS DIN340RN ERİC;1850;1840
2026-09-28 05:05;T340085;8,5MM UZUN TAŞLANMIŞ MATKAP UCU HSS DIN340RN ERİC;350;340
2026-09-28 05:05;T25150200;150*200 AÇI ÖLÇER ERİC;362;361
2026-09-28 05:05;T2580120;80*120 AÇI ÖLÇER ERİC;299;298
2026-09-28 05:05;T250010;DERECELİ MERCEKLİ GÖNYE 0-10MM ERİC;64;63
2026-09-28 05:05;T2415010;PARALEL SET 150*10MM 14 ÇİFT ERİC;188;187
2026-09-28 05:05;TS11020200;200*26MM PASLANMAZ ÇELİK CETVEL ERİC;1893;1873
2026-09-28 05:05;T26040050;40*50 KIL GÖNYE ERİC;71;70
2026-09-28 05:05;T26070100;70*100 KIL GÖNYE ERİC;666;659
2026-09-28 05:05;T28100150;100*150 ŞAPKALI GÖNYE ERİC;85;75
2026-09-28 05:05;T28130200;130*200 ŞAPKALI GÖNYE ERİC;65;61
2026-09-28 05:05;T28200300;200*300 ŞAPKALI GÖNYE ERİC;85;84
2026-09-28 05:05;T28250400;250*400 ŞAPKALI GÖNYE ERİC;37;36
2026-09-28 05:05;T27100150;100*150 ŞAPKASIZ GÖNYE ERİC;163;162
2026-09-28 05:05;T180020CEP;KALINLIK KOMPARATÖRÜ CEP TİPİ 0-10*20MM;54;4
2026-09-28 05:05;T170010K;KOMPARATÖR SAATİ 0-10 KULAKLI ;1015;1012
2026-09-28 05:05;T170008SLG;SALGI KOMPARATÖR SAATİ 0,08;107;92
2026-09-28 05:05;T191835;18*35 KOMPARATÖR TAKIMI MİT. MODEL ;52;51
2026-09-28 05:05;T193550U;35*50 KOMPARATÖR TAKIMI;20;19
2026-09-28 05:05;T1950160U;50*160 KOMPARATÖR TAKIMI;29;28
2026-09-28 05:05;T111000Dİ;1000MM DİJİTAL KUMPAS AĞIR HİZMET;8;7
2026-09-28 05:05;T11150DM;150MM DİJİTAL KUMPAS METAL EKRAN ;142;141
2026-09-28 05:05;T10150IP54;150MM IP54 ABSOLUTE DİJİTAL KUMPAS;4;3
2026-09-28 05:05;T10150IP67;150MM IP67 PRO DİJİTAL KUMPAS;13;12
2026-09-28 05:05;T11200DM;200MM DİJİTAL KUMPAS METAL EKRAN ;49;48
2026-09-28 05:05;T10200IP67;200MM IP67 PRO DİJİTAL KUMPAS;3;2
2026-09-28 05:05;T10300IP54;300MM IP54 ABSOLUTE DİJİTAL KUMPAS;10;9
2026-09-28 05:05;T111502;150MM MEKANİK KUMPAS 0,02;430;427
2026-09-28 05:05;T111505;150MM MEKANİK KUMPAS 0,05;545;543
2026-09-28 05:05;T135005;500MM MEKANİK KUMPAS 0,05;14;13
2026-09-28 05:05;T145105;500MM UZUN ÇENE MEKANİK KUMPAS 0,05 ÇENE BOYU 200MM;4;3
2026-09-28 05:05;T21MAN60;MANYETİK KOMPARATÖR AYAĞI ;55;37
2026-09-28 05:05;T21MANU60;MANYETİK KOMPARATÖR AYAĞI UNİVERSAL;278;268
2026-09-28 05:05;T21MANV100;MANYETİK V YATAK 100*70*96 ERİC;74;70
2026-09-28 05:05;T21MANV70;MANYETİK V YATAK 70*60*75 ERİC;44;41
2026-09-28 05:05;T21CİF100;ÇİFTLİ MANYETİK V YATAK  100X50X80;18;17
2026-09-28 05:05;T230052;DİŞ TARAĞI METRİK VE İNCH 52 PARÇA ERİC;231;228
2026-09-28 05:05;T33100;M10 DİŞİ VİDA MASTARI ERİC;42;41
2026-09-28 05:05;T33160;M16 DİŞİ VİDA MASTARI ERİC;30;29
2026-09-28 05:05;T33025;M2,5 DİŞİ VİDA MASTARI ERİC;47;46
2026-09-28 05:05;T33040;M4 DİŞİ VİDA MASTARI ERİC;47;46
2026-09-28 05:05;T33080;M8 DİŞİ VİDA MASTARI ERİC;49;48
2026-09-28 05:05;T33NF0038;UNF3/8 DİŞİ VİDA MASTARI ERİC;10;9
2026-09-28 05:05;T31G0014;G1/4 ERKEK VİDA MASTARI ERİC;13;12
2026-09-28 05:05;T31100;M10 ERKEK VİDA MASTARI ERİC;52;51
2026-09-28 05:05;T311075;M10*0,75 İNCE DİŞ ERKEK VİDA MASTARI ERİC;12;10
2026-09-28 05:05;T31160;M16 ERKEK VİDA MASTARI ERİC;53;52
2026-09-28 05:05;T31040;M4 ERKEK VİDA MASTARI ERİC;6;4
2026-09-28 05:05;T230107;RADİUS MASTARI 1*7MM ERİC;264;262
2026-09-28 05:05;T200300;300MM MİHENGİR ;10;9
2026-09-28 05:05;T160200;175*200 MİKROMETRE ;11;10
2026-09-28 05:05;T160050;25*50 MİKROMETRE ;82;81
2026-09-28 05:05;TTES0010;3D TESTER ERİC;36;35
2026-09-28 05:05;TTES0020;4MM 3D TESTER KISA UÇ ERİC;108;103
2026-09-28 05:05;TTES0021;8MM 3D TESTER UZUN UÇ ERİC;3;2
2026-09-28 05:05;T22MPRA;ANTİ MANYETİK MEKANİK PROP ERİC;3203;3188
2026-09-28 05:05;T22ISP;IŞIKLI SESLİ PROP ERİC;286;283
2026-09-28 05:05;T22MPR;MEKANİK PROP ERİC;1250;1247
2026-09-28 05:05;T22TPRA;T ANTİ MANYETİK MEKANİK PROP ERİC;984;964
2026-09-28 05:05;VPS-301;ÇELİK PROP VPS-301 VERTEX;24;22
2026-09-28 05:05;T22KARE050;KARE Z SIFIRLAMA SAATLİ 50MM*0,01 ERİC;84;83
2026-09-28 05:05;T22ZSFR050;Z SIFIRLAMA SAATLİ 50MM*0,01 ERİC;247;243
2026-09-28 05:05;T231100;SENTİL 0,05*1MM 100MM  ERİC;626;623
2026-09-28 05:05;TS100003;0,03MM ŞERİT SENTİL 5000MM ERİC ;141;137
2026-09-28 05:05;TS100005;0,05MM ŞERİT SENTİL 5000MM ERİC ;114;105
2026-09-28 05:05;TS100010;0,10MM ŞERİT SENTİL 5000MM ERİC ;91;86
2026-09-28 05:05;TS100020;0,20MM ŞERİT SENTİL 5000MM ERİC ;117;113
2026-09-28 05:05;TS100030;0,30MM ŞERİT SENTİL 5000MM ERİC ;103;94
2026-09-28 05:05;TS100050;0,50MM ŞERİT SENTİL 5000MM ERİC ;219;212
2026-09-28 05:05;TS100100;1MM ŞERİT SENTİL 5000MM ERİC ;68;63
